{"cameraMode":{"drawMode":0,"name":"Shaded","section":"Shading Mode"},"sceneLighting":true,"audioPlay":false,"sceneViewState":{"showFog":true,"showMaterialUpdate":false,"showSkybox":false,"showFlares":true,"showImageEffects":true,"showParticleSystems":true},"in2DMode":false,"pivot":{"x":8.0,"y":58.70677185058594,"z":-314.4065856933594},"rotation":{"x":0.0005719553446397185,"y":-0.3618387281894684,"z":-0.00019165377307217568,"w":-0.9322896003723145},"size":1125.044921875,"orthographic":false}