{"cameraMode":{"drawMode":0,"name":"Shaded","section":"Shading Mode"},"sceneLighting":false,"audioPlay":false,"sceneViewState":{"showFog":true,"showMaterialUpdate":false,"showSkybox":false,"showFlares":true,"showImageEffects":true,"showParticleSystems":true},"in2DMode":false,"pivot":{"x":-5.5484299659729,"y":0.5324509143829346,"z":256.883544921875},"rotation":{"x":-0.2008480727672577,"y":-0.3506152331829071,"z":0.07729129493236542,"w":-0.9114864468574524},"size":12.403647422790528,"orthographic":false}